INSERT INTO person (first_name,last_name,social_security_number,email,city,street,zip_code)
VALUES
  ('Perry','Hughes',20000,'dapibus.gravida@aol.couk','Yeongcheon','Ap #996-4054 Rutrum St.','54438'),
  ('Quinlan','Richard',19999,'in.condimentum@yahoo.couk','Lauro de Freitas','4218 Lorem Av.','55873'),
  ('Jonas','Trujillo',19998,'ante.bibendum@protonmail.couk','Huancayo','352-7805 Quis St.','73256'),
  ('Vernon','Valentine',19997,'donec.porttitor@hotmail.ca','Schwerin','Ap #738-4275 Est. Rd.','34950'),
  ('Logan','Ballard',19996,'tristique.senectus.et@hotmail.net','Hameln','272-9308 Mi Street','88951'),
  ('Simon','Bean',19995,'quis.lectus@yahoo.ca','Sobral','9474 Sapien. St.','31344'),
  ('Emerson','Kerr',19994,'non.leo.vivamus@aol.org','New Glasgow','Ap #332-5487 Enim. Avenue','72107'),
  ('Armando','Reyes',19993,'eget.massa.suspendisse@google.ca','Sumy','748-8787 At Rd.','69311'),
  ('Coby','Nolan',19992,'vel.turpis@icloud.org','Arequipa','Ap #559-4255 Accumsan St.','84179'),
  ('Jasper','Gaines',19991,'quis.lectus.nullam@hotmail.couk','Motala','7951 Nec, Street','04376');
INSERT INTO person (first_name,last_name,social_security_number,email,city,street,zip_code)
VALUES
  ('Ethan','Ford',19990,'in.lorem@google.com','Mukachevo','768-5562 Mi Ave','94559'),
  ('Stone','Mcneil',19989,'tempor@protonmail.org','Ang Mo Kio','Ap #176-7149 Vestibulum Avenue','71176'),
  ('Merritt','Barlow',19988,'nunc@protonmail.ca','Hudiksvall','P.O. Box 806, 2871 Sapien Rd.','83563'),
  ('Chadwick','Acevedo',19987,'nec.urna@protonmail.couk','Sechura','Ap #159-3041 Aliquam Avenue','57423'),
  ('Murphy','Hopper',19986,'nulla.dignissim@icloud.edu','Shaki','168-3938 Dolor Rd.','53752'),
  ('Anthony','Williamson',19985,'tellus.faucibus.leo@protonmail.com','Talagante','Ap #563-6521 Enim. Rd.','25727'),
  ('Kieran','Atkins',19984,'velit.sed.malesuada@protonmail.net','Lancaster','286-4844 Eu St.','28711'),
  ('Devin','Martinez',19983,'nunc.sollicitudin.commodo@protonmail.net','Istmina','Ap #368-5058 Sed Avenue','45351'),
  ('Kaseem','Aguirre',19982,'imperdiet.dictum@outlook.edu','Sorsogon City','Ap #270-6312 Vitae Ave','60308'),
  ('Clarke','Marks',19981,'integer.urna.vivamus@outlook.ca','Dublin','Ap #540-2027 Id Street','21540');
INSERT INTO person (first_name,last_name,social_security_number,email,city,street,zip_code)
VALUES
  ('Nicholas','Shepard',19980,'sit@outlook.ca','Drammen','6139 Mauris Avenue','25887'),
  ('Avram','Berg',19979,'adipiscing.enim@hotmail.edu','Secunda','549-8604 Nibh Av.','96342'),
  ('Hilel','Williamson',19978,'non.cursus@google.net','Delicias','P.O. Box 145, 9172 Sit Rd.','45315'),
  ('Alvin','Ruiz',19977,'in@protonmail.com','Znamensk','118-3781 Semper Ave','57743'),
  ('Peter','Gaines',19976,'sagittis.nullam@yahoo.net','Leominster','Ap #660-2527 Nisi. Rd.','68617'),
  ('Salvador','Grimes',19975,'amet.dapibus@icloud.org','Varash','4893 Risus. Street','44486'),
  ('Reese','Christensen',19974,'ipsum.curabitur@outlook.org','Vĩnh Long','1468 Ac Street','12758'),
  ('Austin','Doyle',19973,'lobortis.risus.in@yahoo.couk','Changi','235-5548 Scelerisque Rd.','57411'),
  ('Colorado','Miranda',19972,'dolor@hotmail.net','Swellendam','660-4973 Faucibus Road','02268'),
  ('Henry','Brennan',19971,'quis.lectus@google.org','Lozova','9990 Etiam St.','97456');
INSERT INTO person (first_name,last_name,social_security_number,email,city,street,zip_code)
VALUES
  ('Ethan','Farmer',19970,'venenatis.vel@aol.edu','Durness','Ap #122-4194 Suspendisse St.','26669'),
  ('Omar','Solis',19969,'proin@yahoo.org','Pasuruan','Ap #662-2876 Elementum, Av.','90658'),
  ('Ezra','Humphrey',19968,'faucibus.id@aol.couk','Potchefstroom','924-155 Et St.','02908'),
  ('Gabriel','Chapman',19967,'curabitur.dictum@protonmail.couk','Kemerovo','664-7267 Consequat Ave','25862'),
  ('Lester','Calhoun',19966,'ligula.aliquam@yahoo.couk','São Gonçalo','572-9001 Nisi. Ave','14117'),
  ('Garrett','Wilcox',19965,'donec.elementum.lorem@yahoo.couk','Caen','209-2741 Urna St.','26351'),
  ('Ivor','Mueller',19964,'et.eros@protonmail.com','Alingsås','P.O. Box 659, 2061 Proin Rd.','64069'),
  ('Calvin','Daniel',19963,'lacus.aliquam@protonmail.edu','Anhui','Ap #821-9875 Erat Street','12769'),
  ('Cedric','Santos',19962,'id@aol.org','Höchst','417-4243 Phasellus Road','78141'),
  ('Randall','Jensen',19961,'nunc@hotmail.net','Stargard Szczeciński','923-5958 Sed Street','25150');
INSERT INTO person (first_name,last_name,social_security_number,email,city,street,zip_code)
VALUES
  ('Dennis','Conway',19960,'pretium.et.rutrum@hotmail.ca','Norman','P.O. Box 351, 1994 Leo. Av.','97406'),
  ('Elvis','Merritt',19959,'mollis.dui.in@hotmail.ca','Gwangyang','Ap #632-1480 Odio, Av.','18368'),
  ('Colt','Cortez',19958,'sem@hotmail.com','Heusden','P.O. Box 758, 5426 Lacinia. St.','65390'),
  ('Harrison','Burgess',19957,'pharetra.sed@icloud.couk','Joinville','Ap #941-863 Aliquam Road','73518'),
  ('Leroy','Chavez',19956,'malesuada.augue@icloud.com','Serik','P.O. Box 111, 4646 Ornare Av.','34947'),
  ('Tanek','Strickland',19955,'donec.tempor.est@aol.org','Kendari','654-5784 Dui, Avenue','76169'),
  ('Allen','Cantu',19954,'vel.quam.dignissim@icloud.com','Saint-Médard-en-Jalles','P.O. Box 159, 1332 Aenean St.','40631'),
  ('Dorian','Dickerson',19953,'vel.lectus@icloud.net','Zapopan','Ap #943-3882 Imperdiet Av.','10527'),
  ('Burke','Parks',19952,'sollicitudin@icloud.com','Raurkela','466-2135 Dictum Av.','83557'),
  ('Raphael','Hopkins',19951,'venenatis.lacus@aol.com','Sale','P.O. Box 104, 219 Integer Avenue','15235');
INSERT INTO person (first_name,last_name,social_security_number,email,city,street,zip_code)
VALUES
  ('Patrick','Haynes',19950,'curabitur.sed@yahoo.ca','Jelenia Góra','Ap #857-5711 Ipsum. Street','85658'),
  ('Alec','Leblanc',19949,'sed.nulla@hotmail.org','Mariakerke','350-141 Eu, St.','21458'),
  ('Brody','Cochran',19948,'nulla.integer@protonmail.couk','Kielce','648-3727 Massa Avenue','65572'),
  ('Daniel','Dalton',19947,'sed.eu@outlook.org','Girardot','453-8412 Consequat Av.','40405'),
  ('Acton','Baxter',19946,'etiam.laoreet.libero@google.edu','Las Palmas','7216 Eget, Av.','26101'),
  ('Leroy','Gentry',19945,'enim@yahoo.org','Penza','Ap #454-8377 Sed St.','77789'),
  ('Cadman','Keith',19944,'non.egestas.a@outlook.com','Bathgate','4339 Mi St.','16436'),
  ('Ray','Hebert',19943,'dui.suspendisse.ac@aol.com','Butuan','P.O. Box 248, 1098 Dignissim. Road','36836'),
  ('Tanek','Campos',19942,'sem@protonmail.ca','Hawera','5867 Rutrum St.','67436'),
  ('Jason','Hahn',19941,'vulputate@protonmail.net','Tilburg','Ap #136-718 Risus. St.','08637');
INSERT INTO person (first_name,last_name,social_security_number,email,city,street,zip_code)
VALUES
  ('Keegan','Horn',19940,'sed.pede@aol.couk','Płock','P.O. Box 481, 3563 Mauris. Av.','36420'),
  ('Ralph','Elliott',19939,'vel.nisl@hotmail.ca','Zielona Góra','P.O. Box 677, 717 Eleifend Road','11035'),
  ('Xavier','Chang',19938,'vitae.sodales@aol.net','Warri','8667 Facilisis Av.','26079'),
  ('Zachery','Powers',19937,'metus.facilisis@hotmail.net','Fujian','Ap #456-9499 Sit Ave','13798'),
  ('James','Barber',19936,'eu.enim.etiam@icloud.edu','Mariquina','4853 Dictum St.','27247'),
  ('Bernard','Chan',19935,'vitae.mauris.sit@aol.ca','Boise','P.O. Box 679, 7667 Donec St.','50483'),
  ('Calvin','Wagner',19934,'nulla.facilisis@google.org','Lochristi','557-1293 Dapibus St.','49537'),
  ('Buckminster','May',19933,'lacus.vestibulum@hotmail.couk','Stockholm','309-5759 Cursus. Road','41156'),
  ('Cade','Calhoun',19932,'sollicitudin.a@aol.com','Oroquieta','451-4537 Laoreet Av.','12244'),
  ('Ciaran','Adkins',19931,'faucibus.orci@icloud.net','Belfast','Ap #972-2037 Augue Street','56745');
INSERT INTO person (first_name,last_name,social_security_number,email,city,street,zip_code)
VALUES
  ('Kasper','Koch',19930,'tellus.suspendisse@protonmail.com','Oberhausen','9905 Donec Rd.','25726'),
  ('Lucas','Hoover',19929,'imperdiet@protonmail.couk','Zierikzee','Ap #492-329 Malesuada Road','21222'),
  ('Travis','Austin',19928,'tempus.eu@hotmail.ca','Pasir Ris','214-1577 Amet Street','12983'),
  ('Xanthus','Nolan',19927,'sit.amet.faucibus@icloud.net','Odessa','Ap #456-9672 Luctus Av.','59201'),
  ('Dexter','Ruiz',19926,'sapien.cursus.in@yahoo.couk','Karapınar','Ap #273-9753 Cursus Street','26892'),
  ('Justin','Ellis',19925,'ultricies.sem@protonmail.edu','Uruapan','P.O. Box 181, 1901 Elit. Street','35528'),
  ('Boris','Todd',19924,'fermentum.convallis@hotmail.net','Landeck','862-3294 Pharetra Street','76323'),
  ('Randall','White',19923,'risus@google.com','Gravataí','487-3168 Eu, St.','36542'),
  ('Emmanuel','Hester',19922,'massa.non@protonmail.couk','Oldenburg','5302 Luctus St.','78523'),
  ('Jerry','Velazquez',19921,'non.quam@outlook.edu','Liverpool','P.O. Box 151, 9397 Est St.','66245');
INSERT INTO person (first_name,last_name,social_security_number,email,city,street,zip_code)
VALUES
  ('Micah','Osborn',19920,'mauris@aol.couk','Hoa Sơn','Ap #618-1035 Non St.','87348'),
  ('John','Gonzales',19919,'adipiscing.elit@icloud.com','Kavaratti','225-7930 Amet, St.','84822'),
  ('Jesse','Adams',19918,'mattis.semper.dui@protonmail.edu','Acuña','Ap #332-9905 Blandit Ave','36767'),
  ('Cairo','Lynch',19917,'in.magna.phasellus@aol.couk','Akhisar','259-470 Ultricies Rd.','72568'),
  ('Ryan','Roach',19916,'sem.mollis@hotmail.com','Chungju','4469 Vitae, Rd.','47653'),
  ('Gil','Thornton',19915,'tincidunt@outlook.org','Oudtshoorn','6888 Ut Ave','68596'),
  ('Peter','Horne',19914,'lorem.eget.mollis@yahoo.couk','Lerum','Ap #458-1107 Libero. Avenue','28672'),
  ('Aquila','Williamson',19913,'dolor@outlook.ca','Melitopol','Ap #775-2492 Ornare. St.','23615'),
  ('Fletcher','Hodge',19912,'erat.vitae.risus@yahoo.com','Palangka Raya','9257 Purus Rd.','24220'),
  ('Zachary','Juarez',19911,'nunc.laoreet@aol.ca','Teruel','302-1037 Quisque Street','73442');
INSERT INTO person (first_name,last_name,social_security_number,email,city,street,zip_code)
VALUES
  ('Baker','Sosa',19910,'accumsan.neque.et@icloud.couk','Zignago','329-9072 Sed Rd.','47645'),
  ('Walter','Hancock',19909,'magna.et@outlook.couk','Gdańsk','589-1179 Blandit St.','56858'),
  ('Paki','Booker',19908,'mattis.semper@hotmail.couk','Neerharen','P.O. Box 638, 9679 Nullam St.','63406'),
  ('Ezekiel','Mckay',19907,'amet@outlook.edu','Dorchester','4926 Sapien. Ave','43553'),
  ('Cedric','Ramirez',19906,'magna.suspendisse.tristique@outlook.edu','Yurimaguas','4202 Egestas. Rd.','57466'),
  ('Lee','Mosley',19905,'fermentum@protonmail.com','Groß-Gerau','Ap #580-1308 Non, Rd.','68045'),
  ('Rafael','Beach',19904,'tempus.mauris.erat@yahoo.edu','Sakhalin','P.O. Box 908, 7813 Lorem, St.','10733'),
  ('Kermit','Gallagher',19903,'volutpat.nulla@outlook.ca','Simpang','Ap #519-2180 Dictum St.','35914'),
  ('Oren','Vaughn',19902,'curabitur.vel@aol.com','La Unión','431-2791 Non Road','54836'),
  ('Randall','Hyde',19901,'nulla.cras.eu@protonmail.couk','Dapitan','6509 Dolor. Street','18082');











INSERT INTO instrument_type(instrument_type)
VALUES
('piano'),
('guitar'),
('bass'),
('trombone'),
('flute'),
('drums');






INSERT INTO student(person_id)
SELECT id FROM person WHERE person.id>10;

INSERT INTO instructor(person_id)
SELECT id FROM person WHERE person.id<=10;






INSERT INTO instructor_instrument_type(instructor_id, instrument_type)
VALUES
(1 ,'piano'),
(2 ,'piano'),
(3 ,'piano'),
(4 ,'piano'),
(5 ,'piano'),
(6 ,'piano'),
(7 ,'piano'),
(1 ,'guitar'),
(2 ,'guitar'),
(1 ,'trombone'),
(3 ,'trombone'),
(4 ,'trombone'),
(5 ,'trombone'),
(8 ,'trombone'),
(1 ,'bass'),
(4 ,'bass'),
(8 ,'bass'),
(10 ,'bass'),
(9 ,'bass'),
(7 ,'drums'),
(10 ,'drums');








INSERT INTO student_instrument_skill_level (student_id,instrument_type,skill_level)
VALUES
  (1,'piano','beginner'),
  (2,'piano','beginner'),
  (3,'piano','beginner'),
  (4,'piano','beginner'),
  (5,'piano','beginner'),
  (6,'piano','beginner'),
  (7,'piano','beginner'),
  (8,'piano','beginner'),
  (9,'piano','beginner'),
  (10,'piano','beginner');
INSERT INTO student_instrument_skill_level (student_id,instrument_type,skill_level)
VALUES
  (11,'piano','beginner'),
  (12,'piano','beginner'),
  (13,'piano','beginner'),
  (14,'piano','beginner'),
  (15,'piano','beginner'),
  (16,'piano','beginner'),
  (17,'piano','beginner'),
  (18,'piano','beginner'),
  (19,'piano','beginner'),
  (20,'piano','beginner');
INSERT INTO student_instrument_skill_level (student_id,instrument_type,skill_level)
VALUES
  (21,'piano','beginner'),
  (22,'piano','beginner'),
  (23,'piano','beginner'),
  (24,'piano','beginner'),
  (25,'piano','beginner'),
  (26,'piano','beginner'),
  (27,'piano','beginner'),
  (28,'piano','beginner'),
  (29,'piano','beginner'),
  (30,'piano','beginner');
INSERT INTO student_instrument_skill_level (student_id,instrument_type,skill_level)
VALUES
  (31,'piano','beginner'),
  (32,'piano','beginner'),
  (33,'piano','beginner'),
  (34,'piano','beginner'),
  (35,'piano','beginner'),
  (36,'piano','beginner'),
  (37,'piano','beginner'),
  (38,'piano','beginner'),
  (39,'piano','beginner'),
  (40,'piano','beginner');
INSERT INTO student_instrument_skill_level (student_id,instrument_type,skill_level)
VALUES
  (41,'piano','beginner'),
  (42,'piano','beginner'),
  (43,'piano','beginner'),
  (44,'piano','beginner'),
  (45,'piano','beginner');
INSERT INTO student_instrument_skill_level (student_id,instrument_type,skill_level)
VALUES
  (70,'piano','intermediate'),
  (71,'piano','intermediate'),
  (72,'piano','intermediate'),
  (73,'piano','intermediate'),
  (74,'piano','intermediate'),
  (75,'piano','intermediate'),
  (76,'piano','intermediate'),
  (77,'piano','intermediate'),
  (78,'piano','intermediate'),
  (79,'piano','intermediate');
INSERT INTO student_instrument_skill_level (student_id,instrument_type,skill_level)
VALUES
  (80,'piano','intermediate'),
  (81,'piano','intermediate'),
  (82,'piano','intermediate'),
  (83,'piano','intermediate'),
  (84,'piano','intermediate'),
  (85,'piano','intermediate'),
  (86,'piano','intermediate'),
  (87,'piano','intermediate'),
  (88,'piano','intermediate'),
  (89,'piano','intermediate');
INSERT INTO student_instrument_skill_level (student_id,instrument_type,skill_level)
VALUES
  (30,'bass','intermediate'),
  (31,'bass','intermediate'),
  (32,'bass','intermediate'),
  (33,'bass','intermediate'),
  (34,'bass','intermediate'),
  (35,'bass','intermediate'),
  (36,'bass','intermediate'),
  (37,'bass','intermediate'),
  (38,'bass','intermediate'),
  (39,'bass','intermediate');
INSERT INTO student_instrument_skill_level (student_id,instrument_type,skill_level)
VALUES
  (40,'bass','intermediate'),
  (41,'bass','intermediate'),
  (42,'bass','intermediate'),
  (43,'bass','intermediate'),
  (44,'bass','intermediate'),
  (45,'bass','intermediate'),
  (46,'bass','intermediate'),
  (47,'bass','intermediate'),
  (48,'bass','intermediate'),
  (49,'bass','intermediate');
INSERT INTO student_instrument_skill_level (student_id,instrument_type,skill_level)
VALUES
  (50,'bass','intermediate'),
  (51,'bass','intermediate'),
  (52,'bass','intermediate'),
  (53,'bass','intermediate'),
  (54,'bass','intermediate'),
  (55,'bass','intermediate'),
  (56,'bass','intermediate'),
  (57,'bass','intermediate'),
  (58,'bass','intermediate'),
  (59,'bass','intermediate');
INSERT INTO student_instrument_skill_level (student_id,instrument_type,skill_level)
VALUES
  (10,'flute','beginner'),
  (11,'flute','beginner'),
  (12,'flute','beginner'),
  (13,'flute','beginner'),
  (14,'flute','beginner'),
  (15,'flute','beginner'),
  (16,'flute','beginner'),
  (17,'flute','beginner'),
  (18,'flute','beginner'),
  (19,'flute','beginner');







INSERT INTO emergency_contact (student_id,student_relation,phone_number)
VALUES
  (1,'mom','042-153-4680'),
  (2,'mom','012-842-3344'),
  (3,'mom','038-491-0888'),
  (4,'mom','056-657-7866'),
  (5,'mom','011-127-2173'),
  (6,'mom','049-189-6862'),
  (7,'mom','025-741-8132'),
  (8,'mom','024-473-0238'),
  (9,'mom','082-084-3590'),
  (10,'mom','083-616-8151');
INSERT INTO emergency_contact (student_id,student_relation,phone_number)
VALUES
  (11,'mom','074-393-6266'),
  (12,'mom','028-444-3189'),
  (13,'mom','062-655-8706'),
  (14,'mom','049-024-8662'),
  (15,'mom','067-854-2822'),
  (16,'mom','071-655-8335'),
  (17,'mom','057-635-1782'),
  (18,'mom','045-725-3074'),
  (19,'mom','062-177-3615'),
  (20,'mom','052-268-3400');
INSERT INTO emergency_contact (student_id,student_relation,phone_number)
VALUES
  (21,'mom','045-638-1137'),
  (22,'mom','018-337-5860'),
  (23,'mom','018-958-1175'),
  (24,'mom','032-511-6352'),
  (25,'mom','021-973-5378'),
  (26,'mom','044-676-8395'),
  (27,'mom','061-567-5461'),
  (28,'mom','025-604-8736'),
  (29,'mom','063-187-5787'),
  (30,'mom','094-379-1094');
INSERT INTO emergency_contact (student_id,student_relation,phone_number)
VALUES
  (31,'mom','085-726-2584'),
  (32,'mom','066-548-8252'),
  (33,'mom','017-079-9176'),
  (34,'mom','049-716-2231'),
  (35,'mom','016-464-7858'),
  (36,'mom','065-708-3957'),
  (37,'mom','050-426-6936'),
  (38,'mom','062-586-4134'),
  (39,'mom','019-313-3228'),
  (40,'mom','080-257-8983');
INSERT INTO emergency_contact (student_id,student_relation,phone_number)
VALUES
  (41,'mom','057-942-7587'),
  (42,'mom','059-684-8421'),
  (43,'mom','063-783-3077'),
  (44,'mom','085-635-9562'),
  (45,'mom','033-245-7761'),
  (46,'mom','045-863-8168'),
  (47,'mom','075-061-0673'),
  (48,'mom','033-198-2718'),
  (49,'mom','075-201-7653'),
  (50,'mom','086-851-9076');
INSERT INTO emergency_contact (student_id,student_relation,phone_number)
VALUES
  (51,'mom','029-188-5486'),
  (52,'mom','013-311-4261'),
  (53,'mom','071-815-9538'),
  (54,'mom','082-481-7542'),
  (55,'mom','085-541-0454'),
  (56,'mom','005-607-2484'),
  (57,'mom','061-799-1571'),
  (58,'mom','026-778-1895'),
  (59,'mom','033-908-1461'),
  (60,'mom','037-435-4628');
INSERT INTO emergency_contact (student_id,student_relation,phone_number)
VALUES
  (61,'mom','040-033-1064'),
  (62,'mom','056-987-5472'),
  (63,'mom','049-663-6845'),
  (64,'mom','081-062-3176'),
  (65,'mom','093-485-4766'),
  (66,'mom','090-852-2244'),
  (67,'mom','055-885-2844'),
  (68,'mom','072-175-6212'),
  (69,'mom','061-048-4562'),
  (70,'mom','023-277-7945');
INSERT INTO emergency_contact (student_id,student_relation,phone_number)
VALUES
  (71,'mom','073-486-4872'),
  (72,'mom','072-487-4286'),
  (73,'mom','001-784-4554'),
  (74,'mom','085-688-4237'),
  (75,'mom','079-343-8010'),
  (76,'mom','073-303-4445'),
  (77,'mom','095-489-6038'),
  (78,'mom','097-862-1486'),
  (79,'mom','001-444-0759'),
  (80,'mom','058-765-4865');
INSERT INTO emergency_contact (student_id,student_relation,phone_number)
VALUES
  (81,'mom','015-486-9235'),
  (82,'mom','088-353-1343'),
  (83,'mom','008-232-5718'),
  (84,'mom','091-998-5954'),
  (85,'mom','045-212-8552'),
  (86,'mom','020-165-7077'),
  (87,'mom','087-361-5140'),
  (88,'mom','051-817-5164'),
  (89,'mom','063-183-6920'),
  (90,'mom','093-625-3755');





INSERT INTO person_phone (phone_number,person_id)
VALUES
  ('076-621-8085',1),
  ('065-011-7755',2),
  ('046-366-9583',3),
  ('049-332-3248',4),
  ('084-856-8224',5),
  ('061-066-6526',6),
  ('084-917-1407',7),
  ('036-887-7132',8),
  ('033-567-6664',9),
  ('018-371-2775',10);
INSERT INTO person_phone (phone_number,person_id)
VALUES
  ('017-344-7676',11),
  ('081-430-8934',12),
  ('085-197-0735',13),
  ('020-934-4261',14),
  ('082-588-2831',15),
  ('087-008-8816',16),
  ('038-493-7543',17),
  ('085-699-5353',18),
  ('068-524-2362',19),
  ('045-704-1945',20);
INSERT INTO person_phone (phone_number,person_id)
VALUES
  ('002-339-5641',21),
  ('075-582-2588',22),
  ('026-547-1750',23),
  ('079-855-7013',24),
  ('061-878-4519',25),
  ('039-475-4284',26),
  ('066-294-3376',27),
  ('058-967-1730',28),
  ('056-661-2476',29),
  ('042-791-7867',30);
INSERT INTO person_phone (phone_number,person_id)
VALUES
  ('011-880-5262',31),
  ('046-711-8447',32),
  ('062-022-5727',33),
  ('076-456-7822',34),
  ('073-868-4135',35),
  ('008-554-0187',36),
  ('058-378-4026',37),
  ('065-583-2544',38),
  ('037-610-7074',39),
  ('052-555-1440',40);
INSERT INTO person_phone (phone_number,person_id)
VALUES
  ('076-246-7555',41),
  ('025-437-1481',42),
  ('069-465-6878',43),
  ('072-842-3714',44),
  ('045-770-2454',45),
  ('078-859-4510',46),
  ('047-441-6904',47),
  ('087-743-3824',48),
  ('030-950-0618',49),
  ('069-236-7568',50);
INSERT INTO person_phone (phone_number,person_id)
VALUES
  ('089-511-8816',51),
  ('076-447-0257',52),
  ('047-783-9899',53),
  ('063-686-8291',54),
  ('070-575-8511',55),
  ('073-476-7525',56),
  ('027-972-2591',57),
  ('046-748-5958',58),
  ('032-797-3758',59),
  ('045-883-0562',60);
INSERT INTO person_phone (phone_number,person_id)
VALUES
  ('036-078-9764',61),
  ('003-947-7971',62),
  ('052-275-4970',63),
  ('061-034-5927',64),
  ('049-926-5807',65),
  ('092-666-6709',66),
  ('062-469-8856',67),
  ('032-468-8892',68),
  ('013-311-3718',69),
  ('016-987-6346',70);
INSERT INTO person_phone (phone_number,person_id)
VALUES
  ('050-814-2568',71),
  ('045-617-3531',72),
  ('062-722-4658',73),
  ('011-794-8838',74),
  ('077-832-2357',75),
  ('074-138-3884',76),
  ('015-031-2640',77),
  ('014-726-5046',78),
  ('010-425-2617',79),
  ('036-841-3559',80);
INSERT INTO person_phone (phone_number,person_id)
VALUES
  ('049-774-5466',81),
  ('073-174-8976',82),
  ('016-470-1215',83),
  ('058-559-7550',84),
  ('065-631-2713',85),
  ('043-344-8966',86),
  ('044-406-7916',87),
  ('036-640-2667',88),
  ('023-868-5810',89),
  ('004-492-5064',90);
INSERT INTO person_phone (phone_number,person_id)
VALUES
  ('077-565-6330',91),
  ('048-926-8503',92),
  ('031-996-2201',93),
  ('015-440-3013',94),
  ('048-662-3356',95),
  ('065-222-6426',96),
  ('072-578-4345',97),
  ('026-893-2437',98),
  ('020-465-5399',99),
  ('068-199-0367',100);




INSERT INTO sibling (student_id,sibling_id)
VALUES
  (1,2),
  (3,4),
  (5,6),
  (7,8),
  (9,10),
  (11,12),
  (13,14),
  (15,16),
  (17,18),
  (19,20);
INSERT INTO sibling (student_id,sibling_id)
VALUES
  (6,40),
  (8,42),
  (10,44),
  (12,46),
  (14,48),
  (16,50),
  (18,52),
  (20,54),
  (22,56),
  (24,58);
INSERT INTO sibling (student_id,sibling_id)
VALUES
  (26,60),
  (28,62),
  (1,3),
  (1,4),
  (2,3),
  (2,4),
  (9,23),
  (37,24),
  (58,37),
  (13,71),
  (10,7),
  (67,68),
  (68,69),
  (67,69);






INSERT INTO instruments_in_stock (instrument_type,brand,model,price)
VALUES
  ('piano','magnis','IFW56PKD4WW','26.32'),
  ('piano','Fusce','ADI07VGB8FV','10.74'),
  ('piano','pede','FNY72VFS3PP','17.02'),
  ('piano','in','BHF73WPP5XH','13.49');
INSERT INTO instruments_in_stock (instrument_type,brand,model,price)
VALUES
  ('bass','Praesent','QHY47LPP1MP','16.25'),
  ('bass','in','HFJ57HNE4WW','21.73');
INSERT INTO instruments_in_stock (instrument_type,brand,model,price)
VALUES
  ('flute','scelerisque','IRV72WMP5SQ','10.69'),
  ('flute','ultrices','DFB26JUX3LF','41.95'),
  ('flute','non,','HVD72GSR4MG','30.55'),
  ('flute','amet','SKH30XTU7DA','23.19');








INSERT INTO physical_instrument (instruments_in_stock_id)
VALUES
  (6),
  (7),
  (5),
  (4),
  (7),
  (5),
  (10),
  (6),
  (8),
  (2);
INSERT INTO physical_instrument (instruments_in_stock_id)
VALUES
  (2),
  (6),
  (8),
  (3),
  (6),
  (5),
  (5),
  (3),
  (7),
  (10);
INSERT INTO physical_instrument (instruments_in_stock_id)
VALUES
  (8),
  (4),
  (9),
  (8),
  (1),
  (1),
  (10),
  (1),
  (7),
  (1);
INSERT INTO physical_instrument (instruments_in_stock_id)
VALUES
  (5),
  (6),
  (2),
  (2),
  (5),
  (6),
  (4),
  (3),
  (9),
  (6);
INSERT INTO physical_instrument (instruments_in_stock_id)
VALUES
  (5),
  (9),
  (9),
  (6),
  (9),
  (6),
  (5),
  (9),
  (9),
  (1);
INSERT INTO physical_instrument (instruments_in_stock_id)
VALUES
  (4),
  (9),
  (9),
  (7),
  (8),
  (4),
  (6),
  (10),
  (2),
  (5);
INSERT INTO physical_instrument (instruments_in_stock_id)
VALUES
  (6),
  (4),
  (5),
  (8),
  (2),
  (8),
  (7),
  (9);






INSERT INTO rental (student_id,physical_instrument_id,start_date,end_date)
VALUES
  (1,60,'2022-08-18','2023-03-08'),
  (2,59,'2021-12-19','2022-12-07'),
  (3,58,'2022-11-25','2022-09-08'),
  (4,57,'2022-11-20','2022-11-24'),
  (5,56,'2023-07-31','2021-12-05'),
  (6,55,'2022-02-13','2022-07-30'),
  (7,54,'2022-12-20','2022-06-13'),
  (8,53,'2021-12-21','2022-10-26'),
  (9,52,'2022-11-01','2023-09-12'),
  (10,51,'2023-01-18','2022-04-19');
INSERT INTO rental (student_id,physical_instrument_id,start_date,end_date)
VALUES
  (11,50,'2022-07-30','2023-06-18'),
  (12,49,'2022-06-03','2022-12-10'),
  (13,48,'2023-10-22','2022-06-20'),
  (14,47,'2023-04-04','2023-07-06'),
  (15,46,'2022-05-05','2022-11-10'),
  (16,45,'2022-03-17','2023-05-05'),
  (17,44,'2022-07-12','2022-02-20'),
  (18,43,'2023-08-30','2023-10-17'),
  (19,42,'2022-04-07','2023-04-19'),
  (20,41,'2022-01-30','2022-07-27');
INSERT INTO rental (student_id,physical_instrument_id,start_date,end_date)
VALUES
  (21,40,'2023-01-18','2023-10-20'),
  (22,39,'2022-10-16','2022-11-30'),
  (23,38,'2023-02-26','2022-10-15'),
  (24,37,'2022-04-07','2022-05-16'),
  (25,36,'2022-03-22','2023-10-27'),
  (26,35,'2023-07-18','2022-07-19'),
  (27,34,'2022-10-30','2023-03-07');




INSERT INTO time_slot (date,start_time,end_time)
VALUES
  ('2023-04-05','16:43','17:36'),
  ('2022-07-14','2:06','12:44'),
  ('2023-05-25','0:25','14:09'),
  ('2023-07-30','19:05','7:15'),
  ('2023-11-15','14:23','21:41'),
  ('2022-04-11','21:38','22:39'),
  ('2022-11-16','1:31','16:50'),
  ('2022-12-27','12:46','23:13'),
  ('2022-12-24','13:31','14:25'),
  ('2023-11-08','14:35','2:25');
INSERT INTO time_slot (date,start_time,end_time)
VALUES
  ('2023-05-27','6:49','17:49'),
  ('2022-09-16','11:31','17:59'),
  ('2023-02-16','4:00','4:01'),
  ('2022-07-31','13:54','0:36'),
  ('2022-10-05','11:16','23:49'),
  ('2022-08-11','12:33','9:55'),
  ('2022-02-23','17:06','22:13'),
  ('2023-10-02','3:51','17:55'),
  ('2022-09-15','18:53','21:25'),
  ('2022-04-25','9:07','9:07'),

  ('2022-12-12','10:00','12:00'),
  ('2022-12-12','13:00','15:00'),
  ('2022-12-13','10:00','11:00'),
  ('2022-12-13','11:00','12:00'),
  ('2022-12-13','13:00','15:00'),
  ('2022-12-14','13:00','14:00'),
  ('2022-12-14','14:00','15:00'),

  ('2022-12-15','10:00','12:00'),
  ('2022-12-15','13:00','15:00'),
  ('2022-12-16','10:00','11:00'),
  ('2022-12-16','11:00','12:00'),
  ('2022-12-16','13:00','15:00'),
  ('2022-12-15','13:00','14:00'),
  ('2022-12-15','14:00','15:00');




INSERT INTO price (amount,pricing_scheme)
VALUES
  ('$12.18','Phasellus vitae mauris sit amet'),
  ('$16.56','non, bibendum sed, est. Nunc'),
  ('$21.44','elit, pretium');



INSERT INTO group_lesson (min_number_of_students,max_number_of_students,instrument_type,instructor_id,price_id,skill_level,time_slot_id)
VALUES
  (15,20,'piano',2,2,'beginner',11),
  (3,17,'piano',2,2,'beginner',6),
  (5,22,'piano',3,2,'beginner',11),
  (6,17,'piano',4,2,'beginner',13),
  (10,17,'piano',8,3,'beginner',4),
  (15,18,'piano',8,2,'beginner',19),
  (14,21,'piano',6,2,'beginner',3);
INSERT INTO group_lesson (min_number_of_students,max_number_of_students,instrument_type,instructor_id,price_id,skill_level,time_slot_id)
VALUES
  (7,17,'flute',6,3,'beginner',12),
  (11,21,'flute',5,2,'beginner',5),
  (12,19,'flute',5,2,'beginner',8),

  (7,17,'guitar',3,2,'intermediate',9),
  (7,17,'bass',3,2,'beginner',8),
   (7,17,'guitar',4,2,'intermediate',8),
   (7,17,'flute',4,2,'intermediate',9),
   (7,17,'piano',8,2,'beginner',8),
   (7,17,'bass',6,2,'intermediate',9),
   (7,17,'flute',1,2,'beginner',9),
   (7,17,'guitar',7,2,'intermediate',9),
   (7,17,'piano',10,2,'beginner',9),
   (7,17,'guitar',10,2,'intermediate',8);



INSERT INTO ensemble (min_number_of_students,max_number_of_students,genre,instructor_id,price_id,skill_level,time_slot_id)
VALUES
  (10,16,'nulla. Integer vulputate,',2,1,'beginner',14),
  (7,24,'Suspendisse eleifend. Cras',8,1,'beginner',9),
  (5,22,'vel est tempor',8,1,'beginner',17),
  (13,19,'ac nulla. In',10,1,'beginner',6),
  (8,16,'tincidunt nibh. Phasellus',9,1,'beginner',18),
  (6,20,'amet, faucibus ut,',4,1,'beginner',4),
  (9,17,'mollis vitae, posuere',8,1,'beginner',12),
  (15,23,'turpis egestas. Fusce',4,1,'beginner',5),
  (10,16,'eu, euismod ac,',4,1,'beginner',16),
  (13,17,'molestie dapibus ligula.',1,1,'beginner',17),

  (4,8,'jazz',7,1,'beginner',21),
  (4,8,'jazz',7,1,'beginner',22),
  (3,9,'blues',8,1,'beginner',21),
  (3,9,'blues',8,1,'beginner',22),
  (3,9,'folk',2,1,'beginner',30),
  (4,8,'rock',6,1,'beginner',23),
  (4,8,'rock',6,1,'beginner',26),
  (3,9,'rock',6,1,'beginner',27),
  (3,9,'folk',2,1,'beginner',32),
  (4,20,'classical',10,1,'beginner',30);


INSERT INTO ensemble_student (student_id,ensemble_id)
VALUES
(90,11),
(89,11),
(88,11),

(90,12),
(89,12),
(88,12),
(87,12),
(86,12),
(85,12),
(84,12),
(83,12),

(50,13),
(51,13),
(52,13),
(53,13),
(54,14),
(58,14),
(84,14),
(23,14),

(23,16),
(26,16),
(37,16),
(48,17),
(49,17),
(58,17),
(57,17),
(42,17),

(31,18),
(32,18),
(33,18),
(34,18),
(35,18),
(36,18),
(37,18),
(38,18),
(3,18),
(39,19),
(40,19),
(41,19),
(42,19),
(43,19),
(55,19),
(45,19),
(46,17),

(90,20),
(89,20),
(88,20),
(87,20),
(86,20),
(85,20),
(84,20),
(83,20);

INSERT INTO group_lesson_student (student_id,group_lesson_id)
VALUES
  (1,9),
  (2,3),
  (3,7),
  (4,9),
  (5,4),
  (6,6),
  (7,3),
  (8,8),
  (9,1),
  (10,7);
INSERT INTO group_lesson_student (student_id,group_lesson_id)
VALUES
  (11,4),
  (12,2),
  (13,3),
  (14,7),
  (15,7),
  (16,9),
  (17,1),
  (18,2),
  (19,8),
  (20,3);
INSERT INTO group_lesson_student (student_id,group_lesson_id)
VALUES
  (21,4),
  (22,10),
  (23,2),
  (24,5),
  (25,10),
  (26,3),
  (27,9),
  (28,2),
  (29,4),
  (30,10);
INSERT INTO group_lesson_student (student_id,group_lesson_id)
VALUES
  (31,3),
  (32,2),
  (33,4),
  (34,8),
  (35,3),
  (36,5),
  (37,4),
  (38,10),
  (39,9),
  (40,2);
INSERT INTO group_lesson_student (student_id,group_lesson_id)
VALUES
  (41,8),
  (42,3),
  (43,8),
  (44,4),
  (45,9),
  (46,10),
  (47,6),
  (48,2),
  (49,7),
  (50,9);
INSERT INTO group_lesson_student (student_id,group_lesson_id)
VALUES
  (51,6),
  (52,9),
  (53,4),
  (54,9),
  (55,7),
  (56,6),
  (57,2),
  (58,7),
  (59,4),
  (60,3);










INSERT INTO ensemble_student (student_id,ensemble_id)
VALUES
  (1,3),
  (2,7),
  (3,8),
  (4,4),
  (5,6),
  (6,8),
  (7,4),
  (8,3),
  (9,3),
  (10,5);
INSERT INTO ensemble_student (student_id,ensemble_id)
VALUES
  (11,5),
  (12,8),
  (13,3),
  (14,9),
  (15,4),
  (16,7),
  (17,8),
  (18,10),
  (19,4),
  (20,5);
INSERT INTO ensemble_student (student_id,ensemble_id)
VALUES
  (21,1),
  (22,8),
  (23,7),
  (24,2),
  (25,1),
  (26,5),
  (27,2),
  (28,4),
  (29,5),
  (30,5);
INSERT INTO ensemble_student (student_id,ensemble_id)
VALUES
  (31,9),
  (32,9),
  (33,2),
  (34,10),
  (35,3),
  (36,9),
  (37,8),
  (38,2),
  (39,5),
  (40,4);





INSERT INTO private_lesson (student_id,instructor_id,time_slot_id,instrument_type,price_id,skill_level)
VALUES
  (63,5,2,'piano',1,'intermediate'),
  (38,9,15,'piano',2,'intermediate'),
  (54,2,4,'piano',2,'intermediate'),
  (60,6,20,'piano',2,'intermediate'),
  (40,4,14,'piano',2,'intermediate'),
  (42,1,11,'piano',1,'intermediate'),
  (33,2,10,'piano',1,'intermediate'),
  (40,10,19,'piano',2,'intermediate'),
  (81,3,11,'piano',2,'intermediate'),
  (33,7,12,'piano',1,'intermediate');
INSERT INTO private_lesson (student_id,instructor_id,time_slot_id,instrument_type,price_id,skill_level)
VALUES
  (1,6,11,'piano',2,'intermediate'),
  (10,5,10,'piano',1,'intermediate'),
  (24,9,12,'piano',1,'intermediate'),
  (56,6,5,'piano',1,'intermediate'),
  (32,6,14,'piano',1,'intermediate'),
  (66,3,17,'piano',2,'intermediate'),
  (18,5,15,'piano',1,'intermediate'),
  (52,7,17,'piano',1,'intermediate'),
  (76,9,13,'piano',1,'intermediate'),
  (13,7,4,'piano',2,'intermediate');
INSERT INTO private_lesson (student_id,instructor_id,time_slot_id,instrument_type,price_id,skill_level)
VALUES
  (76,2,10,'piano',1,'intermediate'),
  (31,5,16,'piano',1,'intermediate'),
  (34,9,2,'piano',1,'intermediate'),
  (20,5,4,'piano',1,'intermediate'),
  (49,10,15,'piano',1,'intermediate'),
  (12,6,1,'piano',1,'intermediate'),
  (61,5,8,'piano',2,'intermediate'),
  (38,4,16,'piano',2,'intermediate'),
  (78,6,14,'piano',2,'intermediate'),
  (72,5,11,'piano',2,'intermediate');
INSERT INTO private_lesson (student_id,instructor_id,time_slot_id,instrument_type,price_id,skill_level)
VALUES
  (85,2,9,'piano',2,'intermediate'),
  (87,7,10,'piano',2,'intermediate'),
  (8,8,16,'piano',1,'intermediate'),
  (23,4,18,'piano',2,'intermediate'),
  (40,7,12,'piano',1,'intermediate'),
  (8,10,16,'piano',1,'intermediate'),
  (62,1,17,'piano',2,'intermediate'),
  (63,2,12,'piano',1,'intermediate'),
  (2,8,1,'piano',1,'intermediate'),
  (20,6,15,'piano',2,'intermediate');
